symbol,side,opened_at_ms,opened_at_utc,closed_at_ms,closed_at_utc,entry_price,stop_loss,take_profit,exit_price,quantity,pnl,pnl_pct,close_reason
BNBUSDC,BUY,1772261999999,2026-02-28T06:59:59.999000+00:00,1772305200000,2026-02-28T19:00:00+00:00,592.75,581.7140832138248,614.8218335723506,614.8218335723506,16.533108393083086,362.88303368238485,3.7028880987998454,take_profit
BNBUSDC,BUY,1772913599999,2026-03-07T19:59:59.999000+00:00,1772974800000,2026-03-08T13:00:00+00:00,620.14,614.0638020848413,632.2923958303172,614.0638020848413,21.506507772579372,-133.31907127657004,-0.9996147120933406,stop_loss
BNBUSDC,SELL,1773701999999,2026-03-16T22:59:59.999000+00:00,1773835200000,2026-03-18T12:00:00+00:00,681.75,692.7205011114664,659.8089977770671,659.8089977770671,17.60818221040853,384.01755760899533,3.19897916001136,take_profit
BNBUSDC,BUY,1774504799999,2026-03-26T05:59:59.999000+00:00,1774515600000,2026-03-26T09:00:00+00:00,635.37,628.0737840282355,649.9624319435289,628.0737840282355,24.779611415709198,-183.91008144713734,-1.168111608758694,stop_loss
BNBUSDC,BUY,1775660399999,2026-04-08T14:59:59.999000+00:00,1775955600000,2026-04-12T01:00:00+00:00,603.01,594.3003339962645,620.4293320074709,594.3003339962645,23.069342519153935,-203.6682918604462,-1.4640762293386087,stop_loss
BNBUSDC,BUY,1775959199999,2026-04-12T01:59:59.999000+00:00,1776117600000,2026-04-13T22:00:00+00:00,594.28,586.1290544985187,610.5818910029624,610.5818910029624,20.003751305019506,323.6561877650006,2.7225844088244284,take_profit
BNBUSDC,SELL,1776473999999,2026-04-18T00:59:59.999000+00:00,1776535200000,2026-04-18T18:00:00+00:00,644.85,652.1913052275428,630.1673895449145,630.1673895449145,23.317608467342676,339.4245625785371,2.2573586069902363,take_profit
BNBUSDC,SELL,1777031999999,2026-04-24T11:59:59.999000+00:00,1777269600000,2026-04-27T06:00:00+00:00,638.65,644.4214612318209,627.107077536358,627.107077536358,28.70625423657412,327.7536878341058,1.7877555857096512,take_profit
BNBUSDC,BUY,1779083999999,2026-05-18T05:59:59.999000+00:00,1779372000000,2026-05-21T14:00:00+00:00,641.97,634.2921789499719,657.3256421000563,649.71,33.50515170552619,254.97614777785353,1.1854226833029593,end_of_window
